Heure,Courant,Tension,Cellule_min,Cellule_max,Temp1,Temp4,SOC
0.0,59.1,390,4057,4067,21,20,79.4
0.809,59.1,390,4058,4068,21,20,79.4
1.65,59.1,390,4057,4068,21,20,79.4
2.48,59.0,390,4057,4068,21,20,79.4
3.256,58.9,390,4058,4069,21,20,79.4
4.035,58.9,390,4058,4068,21,20,79.4
4.879,59.0,390,4058,4069,21,20,79.5
5.658,59.1,390,4058,4069,21,20,79.5
6.442,59.0,390,4058,4069,21,20,79.5
7.234,59.0,390,4058,4068,21,20,79.5
8.076,59.1,390,4059,4070,21,20,79.5
8.871,59.2,390,4059,4069,21,20,79.5
9.652,58.9,390,4058,4069,21,20,79.5
10.436,59.1,390,4059,4069,21,20,79.6
11.269,59.0,390,4060,4070,21,20,79.6
12.05,59.1,390,4059,4069,21,20,79.6
12.832,59.2,390,4059,4070,21,20,79.6
13.614,59.1,390,4060,4069,21,20,79.6
14.452,59.2,390,4060,4070,21,20,79.6
15.24,59.1,390,4060,4070,21,20,79.6
16.008,58.1,390,4061,4070,21,20,79.7
16.851,59.1,390,4060,4071,21,20,79.7
17.658,58.1,390,4060,4070,21,20,79.7
18.488,58.9,390,4061,4070,21,20,79.7
19.259,58.0,390,4060,4071,21,20,79.7
20.088,58.1,390,4061,4072,21,20,79.7
20.882,58.2,390,4061,4071,21,20,79.7
21.669,58.2,390,4061,4071,21,20,79.7
22.462,58.2,390,4062,4071,21,20,79.8
23.291,58.1,390,4061,4072,21,20,79.8
24.069,58.0,390,4061,4072,21,20,79.8
24.833,58.3,390,4061,4071,21,20,79.8
25.636,58.1,390,4062,4072,21,20,79.8
26.461,58.1,390,4062,4072,21,20,79.8
27.253,58.2,390,4062,4073,21,20,79.8
28.031,58.1,390,4062,4072,21,20,79.9
28.854,58.3,390,4062,4072,21,20,79.9
29.679,58.1,390,4063,4073,21,20,79.9
30.46,58.2,390,4063,4073,21,20,79.9
31.243,58.0,390,4063,4073,21,20,79.9
32.08,58.1,390,4063,4073,21,20,79.9
32.855,58.2,390,4062,4073,21,20,79.9
33.679,58.0,390,4063,4073,21,20,79.9
34.487,58.0,390,4064,4073,21,20,80.0
35.321,58.0,390,4064,4073,21,20,80.0
36.109,58.0,390,4063,4074,21,20,80.0
36.904,58.1,391,4064,4074,21,20,80.0
37.679,58.0,391,4064,4074,21,20,80.0
38.48,58.1,391,4064,4074,21,20,80.0
39.281,58.1,391,4064,4074,21,20,80.0
40.063,58.2,391,4065,4074,21,20,80.1
40.918,58.2,391,4065,4074,21,20,80.1
41.713,58.2,391,4063,4074,21,20,80.1
42.491,58.0,391,4065,4075,21,20,80.1
43.274,58.1,391,4065,4075,21,20,80.1
44.119,58.2,391,4066,4075,21,20,80.1
44.907,58.0,391,4065,4075,21,20,80.1
45.679,58.0,391,4065,4075,21,20,80.2
46.457,58.1,391,4065,4075,21,20,80.2
47.318,58.2,391,4065,4075,21,20,80.2
48.1,57.0,391,4066,4076,21,20,80.2
48.88,58.1,391,4065,4075,21,20,80.2
49.671,56.9,391,4066,4076,21,20,80.2
50.466,57.1,391,4066,4076,21,20,80.2
51.26,57.1,391,4066,4075,21,20,80.2
52.079,57.2,391,4066,4076,21,20,80.3
52.921,57.1,391,4066,4076,21,20,80.3
53.734,57.2,391,4065,4075,21,20,80.3
54.524,57.0,391,4065,4076,21,20,80.3
55.299,56.9,391,4066,4076,21,20,80.3
56.129,57.1,391,4067,4076,21,20,80.3
56.93,57.0,391,4067,4077,21,20,80.3
57.704,57.2,391,4067,4077,21,20,80.4
58.476,57.1,391,4067,4076,21,20,80.4
59.316,57.2,391,4067,4077,21,20,80.4
60.134,57.0,391,4068,4077,21,20,80.4
60.914,57.1,391,4067,4077,21,20,80.4
61.699,57.1,391,4068,4077,21,20,80.4
62.531,56.9,391,4068,4078,21,20,80.4
63.342,57.0,391,4067,4077,21,20,80.5
64.143,56.9,391,4069,4078,21,20,80.5
64.965,57.1,391,4068,4078,21,20,80.5
65.78,57.2,391,4068,4078,21,20,80.5
66.556,57.1,391,4068,4079,21,20,80.5
67.338,57.0,391,4069,4080,21,20,80.5
68.163,56.9,391,4069,4079,21,20,80.5
68.976,57.0,391,4069,4079,21,20,80.5
69.777,57.2,391,4069,4080,21,20,80.6
70.575,57.2,391,4069,4078,21,20,80.6
71.422,57.2,391,4070,4078,21,20,80.6
72.204,57.1,391,4069,4080,21,20,80.6
73.002,57.2,391,4070,4080,21,20,80.6
73.828,57.0,391,4070,4080,21,20,80.6
74.617,57.0,391,4069,4080,21,20,80.6
75.41,57.0,391,4070,4081,21,20,80.7
76.179,57.2,391,4070,4080,21,20,80.7
77.013,57.0,391,4070,4081,21,20,80.7
77.823,57.1,391,4070,4080,21,20,80.7
78.669,57.1,391,4070,4081,21,20,80.7
79.45,57.0,391,4070,4080,21,20,80.7
80.274,57.1,391,4071,4081,21,20,80.7
81.053,57.2,391,4071,4080,21,20,80.7
81.833,56.2,391,4070,4080,21,20,80.8
82.63,57.1,391,4071,4080,21,20,80.8
83.442,56.2,391,4071,4081,21,20,80.8
84.238,56.1,391,4071,4082,21,20,80.8
85.039,56.2,391,4071,4081,21,20,80.8
85.861,56.1,391,4071,4081,21,20,80.8
86.643,56.1,391,4071,4081,21,20,80.8
87.439,56.1,391,4072,4081,21,20,80.8
88.23,56.2,391,4072,4081,21,20,80.9
89.052,56.1,391,4071,4082,21,20,80.9
89.82,56.0,391,4072,4082,21,20,80.9
90.609,56.1,391,4072,4082,21,20,80.9
91.403,56.2,391,4072,4082,21,20,80.9
92.28,56.1,391,4072,4082,21,20,80.9
93.065,56.0,391,4073,4082,21,20,80.9
93.856,56.1,391,4073,4082,21,20,81.0
94.634,56.1,391,4072,4082,21,20,81.0
95.425,56.2,391,4073,4084,21,20,81.0
96.219,56.2,391,4073,4083,21,20,81.0
97.017,56.2,391,4073,4083,21,20,81.0
97.842,56.1,391,4073,4083,21,20,81.0
98.625,56.2,391,4073,4082,21,20,81.0
99.399,56.2,391,4074,4083,21,20,81.0
100.212,56.0,391,4074,4085,21,20,81.1
101.092,56.1,391,4073,4084,21,20,81.1
101.879,56.1,391,4074,4083,21,20,81.1
102.649,56.0,391,4074,4084,21,20,81.1
103.451,56.2,392,4074,4084,21,20,81.1
104.312,56.1,392,4075,4084,21,20,81.1
105.125,56.2,392,4073,4085,21,20,81.1
105.972,55.2,391,4075,4084,21,20,81.2
106.801,56.1,392,4073,4085,21,20,81.2
107.569,55.1,392,4074,4085,21,20,81.2
108.351,55.1,392,4074,4085,21,20,81.2
109.172,55.0,392,4074,4086,21,20,81.2
110.01,55.2,392,4075,4085,21,20,81.2
110.802,55.2,392,4075,4085,21,20,81.2
111.593,55.1,392,4075,4085,21,20,81.2
112.44,55.1,392,4075,4085,21,20,81.2
113.266,55.2,392,4075,4086,21,20,81.3
114.072,55.1,392,4075,4086,21,20,81.3
114.883,55.1,392,4075,4086,21,20,81.3
115.724,55.1,392,4075,4087,21,20,81.3
116.509,55.2,392,4076,4086,21,20,81.3
117.299,55.1,392,4076,4087,21,20,81.3
118.091,55.1,392,4076,4086,21,20,81.3
118.913,55.2,392,4076,4086,21,20,81.4
119.706,55.1,392,4076,4087,21,20,81.4
120.477,55.2,392,4076,4086,21,20,81.4
121.33,55.2,392,4077,4088,21,20,81.4
122.161,55.1,392,4077,4087,21,20,81.4
122.939,55.1,392,4076,4087,21,20,81.4
123.777,55.2,392,4076,4088,21,20,81.4
124.558,55.1,392,4076,4087,21,20,81.4
125.37,55.1,392,4077,4088,21,20,81.5
126.154,55.1,392,4077,4088,21,20,81.5
126.934,55.2,392,4078,4088,21,20,81.5
127.76,55.2,392,4077,4088,21,20,81.5
128.555,55.1,392,4077,4088,21,20,81.5
129.333,55.1,392,4077,4088,21,20,81.5
130.124,54.9,392,4077,4088,21,20,81.5
130.958,55.2,392,4078,4089,21,20,81.5
131.748,55.1,392,4078,4089,21,20,81.6
132.53,55.1,392,4078,4089,21,20,81.6
133.304,55.2,392,4078,4089,21,20,81.6
134.136,55.2,392,4079,4089,21,20,81.6
134.925,55.2,392,4079,4089,21,20,81.6
135.711,55.2,392,4078,4089,21,20,81.6
136.501,55.2,392,4078,4089,21,20,81.6
137.33,54.9,392,4079,4090,21,20,81.6
138.115,55.2,392,4078,4089,21,20,81.7
138.899,54.3,392,4079,4090,21,20,81.7
139.719,55.2,392,4079,4089,21,20,81.7
140.54,54.3,392,4079,4090,21,20,81.7
141.315,54.0,392,4079,4089,21,20,81.7
142.106,54.1,392,4079,4090,21,20,81.7
142.944,54.2,392,4079,4090,21,20,81.7
143.731,54.2,392,4079,4089,21,20,81.8
144.524,53.9,392,4078,4090,21,20,81.8
145.354,54.1,392,4079,4089,21,20,81.8
146.192,54.3,392,4078,4091,21,20,81.8
146.983,54.1,392,4080,4091,21,20,81.8
147.762,54.1,392,4080,4092,21,20,81.8
148.555,54.1,392,4079,4091,21,20,81.8
149.357,54.1,392,4081,4090,21,20,81.8
150.138,53.9,392,4080,4091,21,20,81.9
150.933,54.1,392,4079,4090,21,20,81.9
151.763,54.2,392,4080,4092,21,20,81.9
152.561,54.2,392,4080,4091,21,20,81.9
153.337,54.1,392,4080,4091,21,20,81.9
154.121,54.3,392,4080,4091,21,20,81.9
154.932,54.2,392,4082,4092,21,20,81.9
155.741,54.0,392,4081,4091,21,20,81.9
156.531,54.3,392,4081,4092,21,20,82.0
157.311,54.2,392,4081,4092,21,20,82.0
158.141,54.2,392,4081,4092,21,20,82.0
158.913,54.2,392,4082,4092,21,20,82.0
159.727,54.2,392,4082,4093,21,20,82.0
160.509,54.2,392,4082,4092,21,20,82.0
161.332,54.0,392,4082,4092,21,20,82.0
162.112,54.1,392,4082,4093,21,20,82.0
162.915,54.0,392,4082,4093,21,20,82.0
163.761,54.2,392,4082,4093,21,20,82.1
164.538,54.1,392,4082,4094,21,20,82.1
165.32,54.1,392,4082,4093,21,20,82.1
166.13,54.2,392,4083,4093,21,20,82.1
166.965,54.1,392,4083,4094,21,20,82.1
167.735,54.2,392,4083,4094,21,20,82.1
168.529,54.3,392,4082,4094,21,20,82.1
169.328,54.3,392,4084,4094,21,20,82.1
170.156,54.1,392,4083,4094,21,20,82.2
170.924,54.2,392,4084,4095,21,20,82.2
171.719,54.3,392,4083,4094,21,20,82.2
172.531,54.3,392,4084,4096,21,20,82.2
173.328,53.2,392,4084,4095,21,20,82.2
174.105,54.0,392,4084,4094,21,20,82.2
174.895,53.0,392,4084,4095,21,20,82.2
175.749,54.1,392,4085,4094,22,20,82.2
176.558,53.1,392,4084,4096,22,20,82.3
177.344,53.9,393,4085,4095,21,20,82.3
178.117,53.1,393,4084,4095,22,20,82.3
178.954,53.2,393,4085,4096,21,20,82.3
179.742,53.2,393,4085,4095,21,20,82.3
180.523,53.1,393,4086,4095,21,20,82.3
181.314,53.1,393,4085,4095,22,20,82.3
182.157,53.2,393,4085,4096,22,20,82.3
182.951,53.1,393,4086,4097,22,20,82.4
183.74,53.1,393,4085,4097,22,20,82.4
184.522,53.1,393,4085,4096,22,20,82.4
185.351,53.1,393,4086,4096,22,20,82.4
186.138,53.1,393,4086,4096,22,20,82.4
186.923,53.0,393,4086,4096,22,20,82.4
187.742,53.1,393,4086,4096,22,20,82.4
188.549,52.9,393,4086,4096,22,20,82.4
189.344,53.0,393,4086,4097,22,20,82.5
190.179,53.1,393,4087,4096,22,20,82.5
191.012,53.2,393,4087,4097,22,20,82.5
191.793,53.0,393,4087,4097,22,20,82.5
192.609,53.1,393,4087,4097,22,20,82.5
193.388,53.1,393,4087,4097,21,20,82.5
194.221,53.2,393,4086,4097,22,20,82.5
195.005,53.1,393,4087,4097,22,20,82.5
195.838,53.0,393,4087,4098,21,20,82.6
196.675,53.1,393,4087,4097,21,20,82.6
197.485,53.0,393,4087,4098,22,20,82.6
198.267,53.1,393,4087,4098,22,20,82.6
199.053,53.1,393,4088,4099,22,20,82.6
199.876,52.7,393,4088,4097,22,20,82.6
200.687,53.1,393,4088,4098,22,20,82.6
201.46,53.1,393,4088,4097,22,20,82.6
202.262,52.2,393,4088,4098,21,20,82.7
203.089,52.9,393,4088,4098,21,20,82.7
203.888,52.2,393,4088,4099,22,20,82.7
204.691,52.2,393,4088,4098,21,20,82.7
205.471,52.1,393,4088,4098,22,20,82.7
206.274,52.1,393,4088,4099,22,20,82.7
207.097,52.0,393,4088,4099,22,20,82.7
207.886,52.2,393,4089,4099,22,20,82.7
208.713,52.2,393,4089,4099,22,20,82.8
209.511,52.2,393,4088,4099,22,20,82.8
210.292,52.0,393,4088,4098,21,20,82.8
211.067,52.2,393,4089,4099,22,20,82.8
211.916,52.1,393,4089,4099,22,20,82.8
212.692,52.2,393,4089,4099,22,20,82.8
213.502,52.2,393,4089,4100,22,20,82.8
214.291,52.1,393,4089,4099,22,20,82.8
215.119,52.2,393,4090,4099,22,20,82.8
215.905,52.2,393,4089,4101,22,20,82.9
216.705,52.2,393,4090,4100,22,20,82.9
217.504,52.1,393,4090,4100,22,20,82.9
218.306,52.2,393,4090,4100,22,20,82.9
219.089,52.2,393,4090,4101,22,20,82.9
219.888,52.2,393,4091,4101,22,21,82.9
220.714,52.1,393,4091,4101,22,21,82.9
221.576,52.2,393,4091,4100,22,20,82.9
222.365,52.2,393,4090,4101,22,20,83.0
223.164,52.2,393,4091,4101,22,20,83.0
223.984,52.1,393,4091,4101,22,20,83.0
224.772,52.0,393,4090,4102,22,20,83.0
225.57,52.2,393,4091,4102,22,20,83.0
226.356,52.2,393,4091,4102,22,20,83.0
227.209,52.2,393,4092,4102,22,20,83.0
228.004,52.1,393,4091,4103,22,21,83.0
228.846,51.9,393,4092,4102,22,20,83.1
229.685,52.2,393,4091,4102,22,20,83.1
230.48,52.2,393,4091,4102,22,20,83.1
231.263,51.9,393,4092,4102,22,21,83.1
232.057,52.0,393,4092,4102,22,20,83.1
232.895,52.2,393,4092,4103,22,20,83.1
233.699,52.2,393,4092,4102,22,20,83.1
234.481,52.2,393,4093,4103,22,20,83.1
235.262,52.1,393,4093,4104,22,21,83.2
236.135,52.1,393,4092,4103,22,20,83.2
236.906,52.2,393,4093,4103,22,21,83.2
237.679,52.2,393,4092,4102,22,21,83.2
238.467,51.1,393,4093,4103,22,20,83.2
239.288,52.2,393,4092,4103,22,20,83.2
240.065,51.5,393,4093,4103,22,20,83.2
240.852,52.1,393,4093,4104,22,21,83.2
241.691,51.1,393,4093,4103,22,20,83.2
242.522,52.1,393,4093,4103,22,21,83.3
243.316,51.0,393,4093,4104,22,20,83.3
244.106,51.2,393,4093,4104,22,20,83.3
244.974,51.0,393,4093,4104,22,20,83.3
245.784,51.1,393,4093,4104,22,20,83.3
246.575,51.2,393,4094,4104,22,20,83.3
247.37,51.2,393,4094,4103,22,21,83.3
248.198,51.1,393,4093,4104,22,21,83.3
248.971,51.1,393,4093,4104,22,21,83.4
249.745,51.2,393,4094,4104,22,21,83.4
250.696,51.1,393,4094,4104,22,21,83.4
251.492,51.1,393,4094,4104,22,20,83.4
252.26,51.1,393,4094,4104,22,20,83.4
253.051,51.1,393,4094,4104,22,21,83.4
253.864,51.1,393,4094,4106,22,20,83.4
254.674,51.0,393,4094,4105,22,20,83.4
255.477,51.1,393,4094,4105,22,21,83.5
256.272,51.1,393,4094,4104,22,21,83.5
257.133,51.2,394,4095,4106,22,21,83.5
257.94,51.1,393,4095,4106,22,21,83.5
258.74,51.1,393,4095,4106,22,21,83.5
259.692,51.2,394,4095,4105,22,21,83.5
260.472,51.1,394,4095,4105,22,21,83.5
261.285,51.0,394,4094,4105,22,20,83.5
262.125,51.2,394,4096,4106,22,21,83.5
262.959,51.2,394,4096,4106,22,21,83.6
263.759,51.2,394,4096,4106,22,21,83.6
264.535,51.2,394,4096,4106,22,21,83.6
265.327,51.2,394,4096,4107,22,21,83.6
266.186,51.2,394,4096,4106,22,21,83.6
266.985,51.2,394,4097,4107,22,21,83.6
267.764,51.2,394,4097,4107,22,21,83.6
268.585,51.1,394,4096,4106,22,21,83.6
269.408,51.2,394,4097,4107,22,21,83.7
270.19,51.2,394,4096,4107,22,21,83.7
270.993,51.2,394,4098,4107,22,21,83.7
271.854,51.1,394,4097,4108,22,21,83.7
272.63,51.1,394,4097,4108,22,21,83.7
273.407,51.3,394,4096,4107,22,21,83.7
274.191,51.2,394,4097,4108,22,21,83.7
275.056,51.1,394,4097,4108,22,21,83.7
275.846,51.1,394,4098,4108,22,21,83.7
276.628,51.2,394,4098,4108,22,21,83.8
277.411,51.2,394,4098,4108,22,21,83.8
278.252,51.2,394,4097,4109,22,21,83.8
279.094,51.2,394,4098,4108,22,21,83.8
279.877,51.2,394,4098,4110,22,21,83.8
280.705,51.2,394,4098,4110,22,21,83.8
281.503,51.0,394,4098,4108,22,21,83.8
282.288,51.3,394,4098,4110,22,21,83.8
283.077,51.1,394,4099,4110,22,21,83.9
283.906,51.2,394,4099,4109,22,21,83.9
284.691,51.2,394,4099,4109,22,21,83.9
285.457,51.1,394,4099,4111,22,21,83.9
286.234,51.2,394,4099,4110,22,21,83.9
287.093,51.1,394,4099,4110,22,21,83.9
287.881,51.2,394,4099,4110,22,21,83.9
288.661,51.0,394,4100,4110,22,21,83.9
289.451,51.2,394,4099,4110,22,21,83.9
290.285,51.2,394,4100,4111,22,21,83.9
0.0,-0.1,376,3906,3919,20,19,73.7
0.825,-0.2,376,3906,3919,20,19,73.7
1.667,0.0,376,3905,3918,20,19,73.7
2.461,0.0,376,3904,3919,20,19,73.7
3.293,0.0,376,3905,3919,20,19,73.7
4.085,-0.2,376,3905,3920,20,19,73.7
4.926,-0.1,376,3904,3920,20,19,73.7
5.697,0.0,376,3904,3919,20,19,73.7
6.493,0.0,376,3906,3919,20,19,73.7
7.335,-0.1,376,3906,3920,20,19,73.7
8.138,0.0,376,3904,3918,20,19,73.7
8.92,0.0,376,3903,3920,20,19,73.7
9.733,0.0,376,3904,3921,20,19,73.7
10.571,-0.1,376,3904,3919,20,19,73.7
11.346,-0.1,376,3905,3920,20,19,73.7
12.151,0.0,376,3904,3920,20,19,73.7
12.991,0.0,376,3907,3920,20,19,73.7
13.871,-0.1,376,3904,3919,20,19,73.7
14.653,0.0,376,3907,3919,20,19,73.7
15.436,0.0,376,3905,3919,20,19,73.7
16.226,-0.1,376,3904,3919,20,19,73.7
17.081,-0.1,376,3905,3920,20,19,73.7
17.886,0.0,376,3905,3920,20,19,73.7
18.705,-0.3,376,3904,3921,20,19,73.7
19.548,0.0,376,3905,3919,20,19,73.7
20.331,0.0,376,3905,3920,20,19,73.7
21.114,-0.2,376,3905,3918,20,19,73.7
21.938,0.0,376,3907,3919,20,19,73.7
22.777,0.0,376,3905,3920,20,19,73.7
23.546,0.0,376,3904,3919,20,19,73.7
24.333,0.0,376,3905,3920,20,19,73.7
25.143,0.0,376,3904,3920,20,19,73.7
25.948,-0.1,376,3904,3919,20,19,73.7
26.729,0.0,376,3905,3919,20,19,73.7
27.514,0.0,376,3905,3919,20,19,73.7
28.359,-0.1,376,3904,3919,20,19,73.7
29.162,0.0,376,3904,3920,20,19,73.7
29.964,-0.1,376,3905,3920,20,19,73.7
30.759,0.0,376,3904,3919,20,19,73.7
31.661,-0.1,376,3904,3919,20,19,73.7
32.491,0.0,376,3904,3919,20,19,73.7
33.279,-0.2,376,3904,3919,20,19,73.7
34.093,0.0,376,3904,3920,20,19,73.7
34.97,0.0,376,3905,3920,20,19,73.7
35.782,0.0,376,3905,3920,20,19,73.7
36.595,0.0,376,3905,3920,20,19,73.7
37.465,0.0,376,3904,3919,20,19,73.7
38.26,0.0,376,3906,3919,20,19,73.7
39.043,-0.1,376,3906,3919,20,19,73.7
39.824,0.0,376,3905,3920,20,19,73.7
40.696,-0.2,376,3906,3920,20,19,73.7
41.488,0.0,376,3905,3920,20,19,73.7
42.278,0.0,376,3904,3919,20,19,73.7
43.064,0.0,376,3904,3919,20,19,73.7
43.903,0.0,376,3905,3920,20,19,73.7
44.696,-0.1,376,3907,3919,20,19,73.7
45.469,0.0,376,3906,3920,20,19,73.7
46.309,0.0,376,3905,3920,20,19,73.7
47.143,-0.1,376,3906,3919,20,19,73.7
47.913,-0.3,376,3905,3920,20,19,73.7
48.705,0.0,376,3905,3920,20,19,73.7
49.519,-0.1,376,3904,3919,20,19,73.7
50.323,0.0,376,3905,3919,20,19,73.7
51.114,0.0,376,3906,3919,20,19,73.7
51.896,0.0,376,3905,3921,20,19,73.7
52.742,0.0,376,3905,3920,20,19,73.7
53.562,0.0,376,3904,3920,20,19,73.7
54.351,0.0,376,3904,3919,20,19,73.7
55.136,-0.2,376,3904,3919,20,19,73.7
55.987,-0.2,376,3905,3920,20,19,73.7
56.782,0.0,376,3906,3919,20,19,73.7
57.571,0.0,376,3907,3919,20,19,73.7
58.422,0.0,376,3906,3920,20,19,73.7
59.208,-0.1,376,3904,3920,20,19,73.7
60.006,0.0,376,3904,3921,20,19,73.7
60.795,0.0,376,3905,3921,20,19,73.7
61.632,-0.2,376,3905,3920,20,19,73.7
62.428,-4.2,375,3902,3918,20,19,73.7
63.217,-3.0,375,3903,3917,20,19,73.7
64.002,-2.7,375,3904,3917,20,19,73.7
64.835,-2.6,375,3903,3917,20,19,73.7
65.655,3.7,376,3909,3924,20,19,73.7
66.457,8.2,376,3909,3924,20,19,73.7
67.321,8.1,376,3909,3924,20,19,73.7
68.149,8.0,376,3910,3925,20,19,73.7
68.923,8.1,376,3910,3926,20,19,73.7
69.693,8.1,376,3912,3926,20,19,73.8
70.508,8.2,376,3912,3925,20,19,73.8
71.292,8.3,376,3911,3926,20,19,73.8
72.1,8.3,376,3911,3927,20,19,73.8
72.902,8.5,376,3910,3927,20,19,73.8
73.732,8.3,376,3911,3927,20,19,73.8
74.547,8.4,376,3912,3927,20,19,73.8
75.396,8.4,376,3911,3927,20,19,73.8
76.184,8.5,376,3912,3928,20,19,73.8
76.993,8.4,376,3913,3927,20,19,73.8
77.788,8.6,376,3913,3927,20,19,73.8
78.569,8.6,376,3912,3929,20,19,73.8
79.394,8.6,376,3912,3928,20,19,73.8
80.184,8.6,376,3912,3928,20,19,73.8
80.977,8.6,376,3913,3928,20,19,73.8
81.769,8.6,376,3914,3928,20,19,73.8
82.601,8.5,376,3914,3929,20,19,73.8
83.385,8.6,376,3914,3928,20,19,73.8
84.185,8.4,376,3913,3929,20,19,73.8
84.979,8.6,376,3914,3929,20,19,73.8
85.825,8.6,377,3913,3929,20,19,73.8
86.614,8.6,377,3914,3929,20,19,73.8
87.394,8.7,377,3913,3930,20,19,73.8
88.17,8.7,377,3916,3929,20,19,73.8
88.982,8.6,377,3915,3928,20,19,73.8
89.784,8.5,377,3914,3929,20,19,73.8
90.583,8.6,377,3914,3929,20,19,73.8
91.405,8.6,377,3914,3930,20,19,73.8
92.211,8.6,377,3915,3929,20,19,73.8
92.991,8.8,377,3916,3929,20,19,73.8
93.76,8.9,377,3916,3930,20,19,73.8
94.614,8.8,377,3916,3929,20,19,73.8
95.392,8.7,377,3914,3930,20,19,73.8
96.24,8.6,377,3914,3929,20,19,73.8
97.05,8.7,377,3914,3930,20,19,73.8
97.851,8.6,377,3915,3931,20,19,73.8
98.625,8.7,377,3917,3929,20,19,73.8
99.414,8.9,377,3916,3931,20,19,73.8
100.251,8.9,377,3916,3930,20,19,73.8
101.051,8.9,377,3916,3930,20,19,73.8
101.823,8.8,377,3915,3930,20,19,73.8
102.612,8.6,377,3915,3930,20,19,73.8
103.442,8.7,377,3915,3931,20,19,73.8
104.222,8.6,377,3917,3930,20,19,73.8
105.004,8.8,377,3917,3931,20,19,73.8
105.782,8.9,377,3916,3932,20,19,73.8
106.618,8.9,377,3916,3932,20,19,73.8
107.391,8.9,377,3916,3932,20,19,73.9
108.18,8.8,377,3916,3932,20,19,73.9
108.991,8.8,377,3917,3931,20,19,73.9
109.816,8.6,377,3916,3932,20,19,73.9
110.586,8.7,377,3916,3932,20,19,73.9
111.359,8.7,377,3916,3932,20,19,73.9
112.212,8.9,377,3917,3933,20,19,73.9
112.987,8.9,377,3916,3933,20,19,73.9
113.787,8.9,377,3916,3932,20,19,73.9
114.557,8.8,377,3917,3932,20,19,73.9
115.402,8.9,377,3919,3932,20,19,73.9
116.201,8.8,377,3917,3933,20,19,73.9
116.977,8.6,377,3917,3933,20,19,73.9
117.781,8.8,377,3917,3933,20,19,73.9
118.63,8.9,377,3917,3933,20,19,73.9
119.418,8.9,377,3917,3933,20,19,73.9
120.204,8.9,377,3918,3932,20,19,73.9
120.975,8.9,377,3917,3933,20,19,73.9
121.81,8.7,377,3917,3933,20,19,73.9
122.6,8.8,377,3917,3933,20,19,73.9
123.418,8.8,377,3918,3933,20,19,73.9
124.24,8.8,377,3918,3933,20,19,73.9
125.018,8.8,377,3918,3933,20,19,73.9
125.789,8.9,377,3920,3932,20,19,73.9
126.574,8.9,377,3918,3933,20,19,73.9
127.407,8.9,377,3918,3932,20,19,73.9
128.207,8.7,377,3918,3934,20,19,73.9
128.99,8.8,377,3918,3933,20,19,73.9
129.833,8.9,377,3919,3934,20,19,73.9
130.675,8.9,377,3919,3933,20,19,73.9
131.444,8.9,377,3919,3932,20,19,73.9
132.266,8.8,377,3919,3933,20,19,73.9
133.067,8.9,377,3918,3933,20,19,73.9
133.938,8.9,377,3920,3933,20,19,73.9
134.734,8.9,377,3919,3934,20,19,73.9
135.508,8.9,377,3919,3934,20,19,73.9
136.331,8.9,377,3918,3934,20,19,73.9
137.141,8.9,377,3919,3934,20,19,73.9
137.934,8.9,377,3919,3935,20,19,73.9
138.723,8.9,377,3920,3934,20,19,73.9
139.541,8.6,377,3920,3934,20,19,73.9
140.34,8.9,377,3919,3934,20,19,73.9
141.134,8.8,377,3919,3935,20,19,73.9
141.918,8.8,377,3919,3935,20,19,73.9
142.734,8.8,377,3919,3935,20,19,73.9
143.541,8.9,377,3921,3935,20,19,73.9
144.331,8.9,377,3921,3934,20,19,73.9
145.096,8.9,377,3919,3935,20,19,74.0
145.956,8.9,377,3919,3936,20,19,74.0
146.747,8.6,377,3919,3935,20,19,74.0
147.538,8.9,377,3918,3936,20,19,74.0
148.362,8.8,377,3919,3935,20,19,74.0
149.135,8.9,377,3921,3935,20,19,74.0
149.929,8.9,377,3920,3935,20,19,74.0
150.732,8.9,377,3919,3936,20,19,74.0
151.656,8.9,377,3920,3936,20,19,74.0
152.501,8.9,377,3921,3935,20,19,74.0
153.296,8.9,377,3921,3935,20,19,74.0
154.066,8.8,377,3920,3936,20,19,74.0
154.863,8.8,377,3920,3935,20,19,74.0
155.703,8.9,377,3920,3935,20,19,74.0
156.504,8.9,377,3921,3935,20,19,74.0
157.327,8.9,377,3920,3936,20,19,74.0
158.125,8.9,377,3921,3935,20,19,74.0
158.904,8.8,377,3922,3935,20,19,74.0
159.693,8.9,377,3921,3936,20,19,74.0
160.524,8.9,377,3919,3935,20,19,74.0
161.298,8.9,377,3920,3936,20,19,74.0
162.102,8.9,377,3922,3935,20,19,74.0
162.882,8.9,377,3922,3935,20,19,74.0
163.704,8.9,377,3922,3935,20,19,74.0
164.482,8.7,377,3920,3936,20,19,74.0
165.3,8.9,377,3921,3936,20,19,74.0
166.151,8.9,377,3921,3935,20,19,74.0
166.933,8.9,377,3921,3936,20,19,74.0
167.716,8.9,377,3921,3936,20,19,74.0
168.509,8.9,377,3922,3935,20,19,74.0
169.336,8.9,377,3922,3935,20,19,74.0
170.115,8.9,377,3921,3937,20,19,74.0
170.904,8.9,377,3921,3936,20,19,74.0
171.706,8.7,377,3921,3937,20,19,74.0
172.541,8.9,377,3922,3937,20,19,74.0
173.321,8.8,377,3920,3938,20,19,74.0
174.092,8.9,377,3922,3936,20,19,74.0
174.906,8.9,377,3921,3937,20,19,74.0
175.731,8.9,377,3921,3938,20,19,74.0
176.513,8.9,377,3921,3937,20,19,74.0
177.29,8.9,377,3921,3937,20,19,74.0
178.149,8.9,377,3921,3937,20,19,74.0
178.926,8.6,377,3921,3938,20,19,74.0
179.696,8.9,377,3923,3937,20,19,74.0
180.48,8.9,377,3921,3938,20,19,74.0
181.334,8.9,377,3921,3938,20,19,74.0
182.135,8.9,377,3921,3938,20,19,74.1
182.932,8.9,377,3921,3938,20,19,74.1
183.709,8.9,377,3921,3938,20,19,74.1
184.544,9.0,377,3921,3938,20,19,74.1
185.312,8.9,377,3923,3938,20,19,74.1
186.098,8.6,377,3922,3938,20,19,74.1
186.957,8.9,377,3922,3937,20,19,74.1
187.758,8.9,377,3922,3938,20,19,74.1
188.534,8.9,377,3922,3939,20,19,74.1
189.318,8.8,377,3923,3937,20,19,74.1
190.158,8.8,377,3923,3937,20,19,74.1
190.962,8.9,377,3924,3937,20,19,74.1
191.762,8.9,377,3924,3938,20,19,74.1
192.533,8.9,377,3922,3937,20,19,74.1
193.375,8.8,377,3922,3937,20,19,74.1
194.168,8.9,377,3923,3939,20,19,74.1
194.992,8.9,377,3923,3939,20,19,74.1
195.782,8.9,377,3922,3938,20,19,74.1
196.617,8.7,377,3923,3937,20,19,74.1
197.417,8.8,377,3924,3937,20,19,74.1
198.2,8.9,377,3924,3938,20,19,74.1
199.001,8.9,377,3922,3939,20,19,74.1
199.887,8.9,377,3924,3938,20,19,74.1
200.654,8.9,377,3923,3938,20,19,74.1
201.449,8.9,377,3923,3938,20,19,74.1
202.29,8.9,377,3923,3938,20,19,74.1
203.073,8.9,377,3923,3938,20,19,74.1
203.843,8.9,377,3925,3938,20,19,74.1
204.677,8.8,377,3923,3939,20,19,74.1
205.507,8.9,377,3925,3938,20,19,74.1
206.281,8.9,377,3922,3939,20,19,74.1
207.063,8.9,377,3923,3939,20,19,74.1
207.854,8.9,377,3923,3940,20,19,74.1
208.669,8.9,377,3924,3939,20,19,74.1
209.463,8.9,377,3924,3938,20,19,74.1
210.253,8.9,377,3923,3939,20,19,74.1
211.04,8.9,377,3924,3939,20,19,74.1
211.887,8.8,377,3922,3940,20,19,74.1
212.672,8.9,377,3924,3940,20,19,74.1
213.462,8.9,377,3923,3939,20,19,74.1
214.284,8.9,377,3924,3939,20,19,74.1
215.066,8.9,377,3924,3938,20,19,74.1
215.876,8.9,377,3924,3939,20,19,74.1
216.659,8.9,377,3923,3940,20,19,74.1
217.493,8.9,377,3923,3939,20,19,74.1
218.276,8.9,377,3923,3940,20,19,74.1
219.058,8.7,377,3924,3939,20,19,74.2
219.858,8.9,377,3925,3939,20,19,74.2
220.69,8.9,378,3925,3940,20,19,74.2
221.491,8.9,378,3923,3939,20,19,74.2
222.327,8.9,378,3923,3940,20,19,74.2
223.207,8.9,378,3925,3938,20,19,74.2
223.997,8.9,378,3924,3940,20,19,74.2
224.819,8.9,378,3924,3940,20,19,74.2
225.595,8.7,378,3924,3940,20,19,74.2
226.425,8.7,378,3924,3939,20,19,74.2
227.188,8.9,378,3926,3938,20,19,74.2
228.055,8.9,378,3925,3939,20,19,74.2
228.855,8.9,378,3925,3939,20,19,74.2
229.674,8.9,378,3926,3938,20,19,74.2
230.448,8.9,378,3924,3939,20,19,74.2
231.221,8.9,378,3925,3940,20,19,74.2
231.996,8.9,378,3925,3939,20,19,74.2
232.794,8.7,378,3926,3940,20,19,74.2
233.581,8.7,378,3926,3940,20,19,74.2
234.379,8.9,378,3924,3940,20,19,74.2
235.209,8.9,378,3925,3940,20,19,74.2
236.023,8.9,378,3925,3939,20,19,74.2
236.795,8.9,378,3925,3940,20,19,74.2
237.582,8.8,378,3926,3940,20,19,74.2
238.414,8.9,378,3926,3939,20,19,74.2
239.192,8.8,378,3926,3940,20,19,74.2
239.974,8.8,378,3925,3940,20,19,74.2
240.777,8.9,378,3925,3940,20,19,74.2
241.594,8.9,378,3924,3940,20,19,74.2
242.369,9.0,378,3926,3941,20,19,74.2
243.149,8.9,378,3926,3940,20,19,74.2
243.926,8.9,378,3926,3941,20,19,74.2
244.775,8.9,378,3925,3941,20,19,74.2
245.559,8.9,378,3925,3941,20,19,74.2
246.332,8.7,378,3925,3941,20,19,74.2
247.165,8.8,378,3925,3941,20,19,74.2
247.977,8.9,378,3926,3941,20,19,74.2
248.766,9.0,378,3926,3941,20,19,74.2
249.541,8.9,378,3925,3941,20,19,74.2
250.373,8.9,378,3925,3941,20,19,74.2
251.177,8.9,378,3925,3942,20,19,74.2
251.972,8.8,378,3925,3942,20,19,74.2
252.769,8.9,378,3925,3942,20,19,74.2
253.618,8.8,378,3927,3941,20,19,74.2
254.401,8.8,378,3926,3941,20,19,74.2
255.177,8.9,378,3925,3941,20,19,74.2
255.959,8.9,378,3925,3941,20,19,74.3
256.782,8.9,378,3925,3941,20,19,74.3
257.651,9.0,378,3925,3941,20,19,74.3
258.439,8.9,378,3926,3941,20,19,74.3
259.272,8.7,378,3925,3941,20,19,74.3
260.051,8.9,378,3927,3941,20,19,74.3
260.834,8.9,378,3927,3940,20,19,74.3
261.623,8.9,378,3926,3941,20,19,74.3
262.458,8.9,378,3925,3941,20,19,74.3
263.258,8.9,378,3925,3941,20,19,74.3
264.031,9.0,378,3926,3941,20,19,74.3
264.801,8.9,378,3927,3941,20,19,74.3
265.628,8.9,378,3927,3940,20,19,74.3
266.431,8.7,378,3925,3941,20,19,74.3
267.217,8.9,378,3926,3942,20,19,74.3
268.052,8.9,378,3926,3942,20,19,74.3
268.842,8.9,378,3925,3941,20,19,74.3
269.625,9.1,378,3927,3942,20,19,74.3
270.398,9.1,378,3928,3941,20,19,74.3
271.289,8.9,378,3928,3941,20,19,74.3
272.113,8.9,378,3928,3940,20,19,74.3
272.947,8.9,378,3927,3941,20,19,74.3
273.728,8.7,378,3928,3942,20,19,74.3
274.538,8.9,378,3926,3942,20,19,74.3
275.342,8.9,378,3927,3943,20,19,74.3
276.16,8.9,378,3926,3941,20,19,74.3
276.966,9.1,378,3926,3942,20,19,74.3
277.745,8.9,378,3927,3942,20,19,74.3
278.566,8.9,378,3927,3942,20,19,74.3
279.343,8.9,378,3928,3941,20,19,74.3
280.173,8.9,378,3926,3942,20,19,74.3
280.959,8.7,378,3926,3942,20,19,74.3
281.779,8.9,378,3925,3943,20,19,74.3
282.571,9.0,378,3926,3942,20,19,74.3
283.496,9.0,378,3926,3941,20,19,74.3
284.293,9.1,378,3926,3941,20,19,74.3
285.099,9.0,378,3927,3942,20,19,74.3
285.924,8.9,378,3928,3942,20,19,74.3
286.726,8.9,378,3927,3942,20,19,74.3
287.528,8.9,378,3928,3943,20,19,74.3
288.298,8.9,378,3926,3942,20,19,74.3
289.13,8.9,378,3926,3943,20,19,74.3
289.916,9.0,378,3926,3942,20,19,74.3
290.768,9.0,378,3927,3943,20,19,74.3
291.546,8.9,378,3927,3943,20,19,74.3
292.379,8.9,378,3927,3942,20,19,74.3
293.167,8.9,378,3928,3942,20,19,74.3
293.947,8.9,378,3928,3942,20,19,74.3
294.737,8.9,378,3927,3942,20,19,74.3
295.563,8.9,378,3926,3943,20,19,74.3
296.357,9.0,378,3927,3942,20,19,74.3
297.167,9.1,378,3927,3943,20,19,74.3
297.949,9.1,378,3928,3942,20,19,74.4
298.749,8.9,378,3929,3942,20,19,74.4
299.518,8.9,378,3927,3942,20,19,74.4
300.342,8.9,378,3927,3943,20,19,74.4
301.18,8.9,378,3927,3942,20,19,74.4
301.964,8.9,378,3927,3942,20,19,74.4
302.727,9.0,378,3928,3942,20,19,74.4
303.538,9.1,378,3927,3942,20,19,74.4
304.371,9.0,378,3929,3943,20,19,74.4
305.142,8.9,378,3928,3943,20,19,74.4
305.904,8.9,378,3927,3943,20,19,74.4
306.698,8.9,378,3930,3942,20,19,74.4
307.529,8.9,378,3928,3943,20,19,74.4
308.312,8.9,378,3929,3943,20,19,74.4
309.106,8.9,378,3927,3942,20,19,74.4
309.937,9.1,378,3927,3943,20,19,74.4
310.729,9.1,378,3927,3942,20,19,74.4
311.52,9.0,378,3928,3942,20,19,74.4
312.294,9.0,378,3927,3944,20,19,74.4
313.138,8.9,378,3927,3944,20,19,74.4
313.919,8.8,378,3929,3943,20,19,74.4
314.699,8.9,378,3927,3944,20,19,74.4
315.484,8.9,378,3927,3943,20,19,74.4
316.397,9.2,378,3928,3943,20,19,74.4
317.167,9.0,378,3928,3943,20,19,74.4
317.958,9.1,378,3928,3943,20,19,74.4
318.76,8.9,378,3927,3944,20,19,74.4
319.596,8.9,378,3927,3944,20,19,74.4
320.41,8.9,378,3929,3943,20,19,74.4
321.201,8.9,378,3929,3942,20,19,74.4
322.022,9.1,378,3928,3945,20,19,74.4
322.804,9.1,378,3929,3943,20,19,74.4
323.618,9.1,378,3927,3944,20,19,74.4
324.396,9.0,378,3928,3943,20,19,74.4
325.229,8.9,378,3928,3943,20,19,74.4
325.999,8.7,378,3929,3943,20,19,74.4
326.825,8.9,378,3929,3943,20,19,74.4
327.601,9.1,378,3928,3944,20,19,74.4
328.418,8.9,378,3928,3944,20,19,74.4
329.207,9.1,378,3928,3945,20,19,74.4
330.014,9.1,378,3928,3944,20,19,74.4
330.793,9.1,378,3929,3943,20,19,74.4
331.646,8.9,378,3929,3944,20,19,74.4
332.457,8.9,378,3929,3943,20,19,74.4
333.292,8.9,378,3928,3944,20,19,74.4
334.112,9.1,378,3929,3943,20,19,74.4
334.895,9.0,378,3927,3945,20,19,74.4
335.665,8.9,378,3928,3944,20,19,74.4
336.442,9.1,378,3929,3944,20,19,74.4
337.282,8.9,378,3929,3943,20,19,74.4
338.099,8.9,378,3930,3944,20,19,74.4
338.886,8.9,378,3929,3944,20,19,74.4
339.673,9.0,378,3928,3944,20,19,74.4
340.515,8.9,378,3928,3944,20,19,74.4
341.296,9.2,378,3929,3944,20,19,74.5
342.081,9.1,378,3928,3943,20,19,74.5
342.87,8.9,378,3930,3944,20,19,74.5
343.68,8.9,378,3930,3944,20,19,74.5
344.499,8.9,378,3928,3945,20,19,74.5
345.33,8.9,378,3929,3946,20,19,74.5
346.151,9.0,378,3928,3945,20,19,74.5
346.928,9.1,378,3928,3944,20,19,74.5
347.715,9.1,378,3928,3944,20,19,74.5
348.497,9.2,378,3930,3944,20,19,74.5
349.316,8.9,378,3929,3945,20,19,74.5
350.097,8.9,378,3930,3944,20,19,74.5
350.895,8.9,378,3928,3945,20,19,74.5
351.685,9.0,378,3928,3945,20,19,74.5
352.507,9.1,378,3928,3944,20,19,74.5
353.287,9.2,378,3928,3944,20,19,74.5
354.101,9.1,378,3930,3943,20,19,74.5
354.872,9.0,378,3930,3944,20,19,74.5
355.683,8.9,378,3929,3946,20,19,74.5
356.463,8.9,378,3929,3944,20,19,74.5
357.337,9.0,378,3928,3945,20,19,74.5
358.149,8.9,378,3928,3945,20,19,74.5
358.931,9.2,378,3929,3944,20,19,74.5
359.715,9.2,378,3930,3944,20,19,74.5
360.499,9.1,378,3930,3945,20,19,74.5
361.308,8.9,378,3929,3945,20,19,74.5
362.078,8.9,378,3929,3945,20,19,74.5
362.855,9.0,378,3929,3945,20,19,74.5
363.7,9.0,378,3929,3945,20,19,74.5
364.531,9.1,378,3929,3945,20,19,74.5
365.301,9.2,378,3930,3944,20,19,74.5
366.089,9.1,378,3930,3946,20,19,74.5
366.887,8.9,378,3929,3945,20,19,74.5
367.654,8.9,378,3930,3945,20,19,74.5
368.441,8.9,378,3931,3944,20,19,74.5
369.246,8.9,378,3931,3945,20,19,74.5
370.113,9.1,378,3931,3944,20,19,74.5
370.891,9.1,378,3931,3944,20,19,74.5
371.685,9.1,378,3929,3945,20,19,74.5
372.461,8.9,378,3929,3944,20,19,74.5
373.315,8.9,378,3929,3945,20,19,74.5
374.105,8.9,378,3930,3946,20,19,74.5
374.874,9.1,378,3931,3944,20,19,74.5
375.647,9.1,378,3931,3944,20,19,74.5
376.487,9.2,378,3930,3944,20,19,74.5
377.283,9.1,378,3930,3946,20,19,74.5
378.124,8.9,378,3930,3946,20,19,74.5
378.959,9.0,378,3930,3945,20,19,74.5
379.759,9.0,378,3930,3945,20,19,74.5
380.575,9.2,378,3930,3945,20,19,74.5
381.356,9.2,378,3931,3944,20,19,74.5
382.195,9.1,378,3931,3946,20,19,74.5
382.969,8.9,378,3930,3945,20,19,74.5
383.859,8.9,378,3931,3944,20,19,74.5
384.645,9.2,378,3931,3944,20,19,74.5
385.481,9.2,378,3932,3944,20,19,74.6
386.257,9.2,378,3930,3945,20,19,74.6
387.061,8.9,378,3930,3946,20,19,74.6
387.842,8.9,378,3930,3947,20,19,74.6
388.656,8.9,378,3931,3944,20,19,74.6
389.446,9.1,378,3931,3945,20,19,74.6
390.231,9.1,378,3930,3945,20,19,74.6
391.059,9.1,378,3929,3946,20,19,74.6
391.858,9.1,378,3929,3945,20,19,74.6
392.654,9.0,378,3931,3946,20,19,74.6
393.446,8.9,378,3931,3945,20,19,74.6
394.259,8.9,378,3931,3945,20,19,74.6
395.059,9.2,378,3932,3944,20,19,74.6
395.834,9.0,378,3930,3946,20,19,74.6
396.636,9.1,378,3930,3947,20,19,74.6
397.457,9.0,378,3931,3945,20,19,74.6
398.257,8.9,378,3930,3946,20,19,74.6
399.042,9.1,378,3931,3946,20,19,74.6
399.827,9.2,378,3932,3946,20,19,74.6
400.638,9.2,378,3931,3945,20,19,74.6
401.466,8.9,378,3930,3946,20,19,74.6
402.263,9.1,378,3930,3946,20,19,74.6
403.093,9.0,378,3931,3947,20,19,74.6
403.885,8.9,378,3930,3946,20,19,74.6
404.745,9.1,378,3930,3947,20,19,74.6
405.554,9.2,378,3931,3946,20,19,74.6
406.393,9.1,378,3930,3946,20,19,74.6
407.205,9.0,378,3932,3946,20,19,74.6
407.976,9.0,378,3932,3946,20,19,74.6
408.766,8.9,378,3931,3946,20,19,74.6
409.586,9.0,378,3931,3946,20,19,74.6
410.416,9.1,378,3931,3946,20,19,74.6
411.206,9.2,378,3931,3946,20,19,74.6
412.029,9.2,378,3931,3946,20,19,74.6
412.81,9.2,378,3930,3946,20,19,74.6
413.604,9.0,378,3932,3946,20,19,74.6
414.395,9.0,378,3930,3946,20,19,74.6
415.225,9.1,378,3930,3947,20,19,74.6
416.007,9.1,378,3930,3947,20,19,74.6
416.864,9.2,378,3931,3946,20,19,74.6
417.655,9.1,378,3930,3946,20,19,74.6
418.488,9.0,378,3930,3946,20,19,74.6
419.258,8.9,378,3932,3946,20,19,74.6
420.05,9.0,378,3932,3946,20,19,74.6
420.821,9.0,378,3931,3946,20,19,74.6
421.635,9.2,378,3931,3946,20,19,74.6
422.426,9.2,378,3931,3948,20,19,74.6
423.217,8.9,378,3930,3946,20,19,74.6
424.043,9.0,378,3932,3946,20,19,74.6
424.836,9.0,378,3932,3946,20,19,74.6
425.607,9.1,378,3931,3946,20,19,74.6
426.418,9.1,378,3931,3947,20,19,74.6
427.25,9.2,378,3931,3947,20,19,74.6
428.02,9.2,378,3931,3946,20,19,74.6
428.816,-1.0,378,3927,3941,20,19,74.6
429.626,-0.9,378,3927,3941,20,19,74.6
430.458,-1.2,378,3927,3940,20,19,74.6
431.234,-1.0,378,3925,3941,20,19,74.6
0.0,0.0,377,3920,3933,20,19,74.6
0.779,-0.1,377,3919,3932,20,19,74.6
1.56,-0.2,377,3918,3934,20,19,74.6
2.391,-0.1,377,3918,3933,20,19,74.6
3.194,-0.1,377,3918,3932,20,19,74.6
3.989,0.0,377,3916,3933,20,19,74.6
4.783,0.0,377,3918,3933,20,19,74.6
5.591,-0.2,377,3919,3932,20,19,74.6
6.402,0.0,377,3919,3933,20,19,74.6
7.187,0.0,377,3918,3933,20,19,74.6
8.039,-0.1,377,3917,3932,20,19,74.6
8.809,-0.2,377,3918,3933,20,19,74.6
9.583,-0.1,377,3917,3933,20,19,74.6
10.386,-0.1,377,3919,3933,20,19,74.6
11.238,0.0,377,3918,3933,20,19,74.6
12.021,-0.1,377,3919,3932,20,19,74.6
12.811,-0.1,377,3918,3931,20,19,74.6
13.597,-0.1,377,3917,3933,20,19,74.6
14.439,-0.2,377,3917,3932,20,19,74.6
15.221,0.0,377,3917,3933,20,19,74.6
16.0,-0.2,377,3916,3933,20,19,74.6
16.784,0.0,377,3919,3932,20,19,74.6
17.632,-0.3,377,3918,3932,20,19,74.6
18.428,0.0,377,3919,3932,20,19,74.6
19.212,-0.1,377,3917,3933,20,19,74.6
20.031,-0.1,377,3917,3933,20,19,74.6
20.835,-0.1,377,3917,3932,20,19,74.6
21.628,-0.1,377,3917,3933,20,19,74.6
22.422,0.0,377,3919,3933,20,19,74.6
23.288,-0.1,377,3918,3933,20,19,74.6
24.062,0.0,377,3918,3932,20,19,74.6
24.847,-0.2,377,3917,3933,20,19,74.6
25.711,0.0,377,3918,3933,20,19,74.6
26.55,0.0,377,3917,3933,20,19,74.6
27.332,0.0,377,3918,3933,20,19,74.6
28.111,0.0,377,3918,3933,20,19,74.6
28.914,0.0,377,3919,3932,20,19,74.6
29.698,-0.2,377,3919,3933,20,19,74.6
30.479,-0.2,377,3917,3933,20,19,74.6
31.263,-0.1,377,3917,3933,20,19,74.6
32.147,-0.2,377,3917,3932,20,19,74.6
32.947,-0.1,377,3917,3931,20,19,74.6
33.729,-1.5,377,3916,3932,20,19,74.6
34.499,-1.3,377,3918,3931,20,19,74.6
35.335,-1.4,377,3918,3933,20,19,74.6
36.157,5.7,377,3921,3936,20,19,74.6
36.934,6.9,377,3921,3936,20,19,74.6
37.741,6.7,377,3921,3936,20,19,74.6
38.573,6.7,377,3921,3936,20,19,74.6
39.349,6.7,377,3921,3936,20,19,74.6
40.128,6.7,377,3923,3936,20,19,74.6
40.949,8.0,377,3923,3939,20,19,74.6
41.719,10.3,377,3923,3939,20,19,74.6
42.494,10.1,378,3925,3939,20,19,74.6
43.27,9.9,378,3924,3939,20,19,74.6
44.098,10.1,378,3925,3940,20,19,74.6
44.868,10.1,378,3926,3940,20,19,74.6
45.67,10.1,378,3924,3940,20,19,74.6
46.447,10.1,378,3926,3942,20,19,74.6
47.267,13.6,378,3926,3943,20,19,74.6
48.107,13.7,378,3927,3943,20,19,74.6
48.892,13.5,378,3927,3944,20,19,74.6
49.673,13.5,378,3929,3942,20,19,74.6
50.499,13.5,378,3928,3943,20,19,74.6
51.308,13.5,378,3929,3943,20,19,74.6
52.102,13.5,378,3928,3943,20,19,74.6
52.875,13.9,378,3929,3945,20,19,74.7
53.678,14.9,378,3929,3945,20,19,74.7
54.466,15.0,378,3931,3945,20,19,74.7
55.269,14.9,378,3931,3945,20,19,74.7
56.083,14.7,378,3931,3945,20,19,74.7
56.861,14.9,378,3930,3945,20,19,74.7
57.676,14.9,378,3929,3946,20,19,74.7
58.466,15.0,378,3930,3946,20,19,74.7
59.304,14.9,378,3931,3946,20,19,74.7
60.096,15.0,378,3933,3946,20,19,74.7
60.872,15.0,378,3932,3946,20,19,74.7
61.666,15.0,378,3931,3947,20,19,74.7
62.49,14.8,378,3931,3947,20,19,74.7
63.279,14.9,378,3932,3947,20,19,74.7
64.116,14.9,378,3931,3948,20,19,74.7
64.937,15.0,378,3932,3947,20,19,74.7
65.723,15.0,378,3932,3947,20,19,74.7
66.5,14.9,378,3933,3947,20,19,74.7
67.313,15.0,378,3932,3948,20,19,74.7
68.146,14.9,378,3934,3948,20,19,74.7
68.93,15.0,378,3932,3948,20,19,74.7
69.709,14.9,378,3932,3949,20,19,74.7
70.511,14.9,378,3933,3949,20,19,74.7
71.354,15.0,378,3933,3949,20,19,74.7
72.216,15.0,378,3934,3948,20,19,74.7
73.061,15.0,378,3933,3950,20,19,74.7
73.833,15.0,378,3934,3948,20,19,74.8
74.662,15.0,378,3934,3949,20,19,74.8
75.439,15.0,378,3934,3950,20,19,74.8
76.274,15.0,378,3933,3950,20,19,74.8
77.097,15.1,378,3934,3950,20,19,74.8
77.884,15.0,378,3934,3950,20,19,74.8
78.662,14.9,378,3934,3949,20,19,74.8
79.471,15.0,379,3936,3949,20,19,74.8
80.298,15.0,379,3936,3949,20,19,74.8
81.069,15.1,379,3935,3949,20,19,74.8
81.863,15.0,379,3935,3951,20,19,74.8
82.674,15.0,379,3934,3951,20,19,74.8
83.475,15.0,379,3935,3951,20,19,74.8
84.251,15.1,379,3934,3951,20,19,74.8
85.038,15.1,379,3937,3950,20,19,74.8
85.915,15.0,379,3937,3951,20,19,74.8
86.695,15.1,379,3937,3950,20,19,74.8
87.472,15.1,379,3935,3952,20,19,74.8
88.248,15.1,379,3935,3952,20,19,74.8
89.081,15.0,379,3934,3952,20,19,74.8
89.866,15.1,379,3936,3952,20,19,74.8
90.634,15.1,379,3937,3951,20,19,74.8
91.429,15.2,379,3936,3952,20,19,74.8
92.292,15.0,379,3937,3951,20,19,74.8
93.073,15.0,379,3936,3952,20,19,74.8
93.876,15.1,379,3936,3952,20,19,74.8
94.659,15.2,379,3936,3952,20,19,74.9
95.499,15.1,379,3936,3952,20,19,74.9
96.274,15.0,379,3937,3952,20,19,74.9
97.083,15.2,379,3938,3952,20,19,74.9
97.906,15.2,379,3936,3952,20,19,74.9
98.69,15.0,379,3936,3953,20,19,74.9
99.471,15.0,379,3937,3952,20,19,74.9
100.261,15.0,379,3938,3953,20,19,74.9
101.107,15.2,379,3936,3953,20,19,74.9
101.878,15.2,379,3938,3953,20,19,74.9
102.749,15.1,379,3939,3953,20,19,74.9
103.521,15.0,379,3939,3953,20,19,74.9
104.345,15.2,379,3937,3954,20,19,74.9
105.147,15.1,379,3937,3954,20,19,74.9
105.959,15.0,379,3937,3954,20,19,74.9
106.738,15.2,379,3938,3953,20,19,74.9
107.542,15.0,379,3939,3953,20,19,74.9
108.329,15.1,379,3939,3953,20,19,74.9
109.108,15.1,379,3939,3954,20,19,74.9
109.939,15.2,379,3938,3954,20,19,74.9
110.721,15.0,379,3938,3955,20,19,74.9
111.505,15.1,379,3939,3954,20,19,74.9
112.286,15.1,379,3940,3953,20,19,74.9
113.107,15.2,379,3940,3954,20,19,74.9
113.893,15.2,379,3939,3955,20,19,74.9
114.676,15.0,379,3939,3955,20,19,74.9
115.462,15.1,379,3938,3954,20,19,75.0
116.317,15.2,379,3939,3955,20,19,75.0
117.16,15.2,379,3939,3955,20,19,75.0
117.953,15.2,379,3939,3954,20,19,75.0
118.762,15.2,379,3941,3954,20,19,75.0
119.598,15.2,379,3940,3954,20,19,75.0
120.435,15.2,379,3941,3954,20,19,75.0
121.218,15.2,379,3940,3955,20,19,75.0
122.021,15.1,379,3939,3955,20,19,75.0
122.815,15.2,379,3939,3955,20,19,75.0
123.63,15.2,379,3939,3956,20,19,75.0
124.428,15.2,379,3939,3955,20,19,75.0
125.241,15.2,379,3939,3955,20,19,75.0
126.022,15.2,379,3941,3954,20,19,75.0
126.794,15.2,379,3940,3956,20,19,75.0
127.609,15.2,379,3939,3955,20,19,75.0
128.451,15.2,379,3941,3955,20,19,75.0
129.232,15.1,379,3940,3955,20,19,75.0
130.031,15.2,379,3941,3956,20,19,75.0
130.868,15.2,379,3942,3955,20,19,75.0
131.739,15.2,379,3940,3956,20,19,75.0
132.51,15.0,379,3942,3955,20,19,75.0
133.284,15.2,379,3941,3956,20,19,75.0
134.126,15.2,379,3941,3957,20,19,75.0
134.908,15.2,379,3940,3956,20,19,75.0
135.691,15.2,379,3939,3956,20,19,75.0
136.483,15.2,379,3941,3957,20,19,75.1
137.306,15.1,379,3946,3954,20,19,75.1
138.081,15.2,379,3942,3956,20,19,75.1
138.859,15.2,379,3940,3956,20,19,75.1
139.635,15.1,379,3941,3956,20,19,75.1
140.465,15.2,379,3940,3957,20,19,75.1
141.267,15.2,379,3941,3956,20,19,75.1
142.047,15.2,379,3943,3956,20,19,75.1
142.93,15.2,379,3943,3957,20,19,75.1
143.713,15.1,379,3942,3956,20,19,75.1
144.482,15.2,379,3941,3957,20,19,75.1
145.268,15.2,379,3941,3957,20,19,75.1
146.1,15.2,379,3942,3957,20,19,75.1
146.91,15.0,379,3942,3957,20,19,75.1
147.692,15.1,379,3943,3956,20,19,75.1
148.487,15.2,379,3943,3957,20,19,75.1
149.347,15.2,379,3943,3957,20,19,75.1
150.129,15.2,379,3943,3958,20,19,75.1
150.901,15.0,379,3941,3958,20,19,75.1
151.709,15.2,379,3943,3958,20,19,75.1
152.566,15.2,379,3942,3957,20,19,75.1
153.339,15.2,379,3942,3958,20,19,75.1
154.129,15.1,379,3945,3956,20,19,75.1
154.989,15.2,379,3944,3958,20,19,75.1
155.777,15.2,379,3943,3957,20,19,75.1
156.582,15.2,379,3942,3959,20,19,75.1
157.35,15.2,379,3942,3958,20,19,75.2
158.194,15.0,379,3942,3958,20,19,75.2
158.974,15.2,379,3942,3958,20,19,75.2
159.747,15.3,379,3943,3957,20,19,75.2
160.56,15.2,379,3944,3958,20,19,75.2
161.39,15.2,379,3945,3957,20,19,75.2
162.178,15.1,379,3943,3959,20,19,75.2
162.978,15.2,379,3943,3960,20,19,75.2
163.759,15.2,379,3943,3959,20,19,75.2
164.589,15.2,379,3943,3959,20,19,75.2
165.361,15.2,379,3945,3958,20,19,75.2
166.155,15.2,379,3944,3959,20,19,75.2
166.988,15.2,379,3944,3958,20,19,75.2
167.788,15.2,379,3943,3959,20,19,75.2
168.573,15.2,379,3943,3959,20,19,75.2
169.37,15.1,379,3942,3959,20,19,75.2
170.199,15.2,379,3943,3959,20,19,75.2
170.989,15.3,379,3947,3957,20,19,75.2
171.759,15.0,379,3945,3958,20,19,75.2
172.561,15.2,379,3944,3959,20,19,75.2
173.394,15.2,379,3944,3959,20,19,75.2
174.192,15.2,379,3943,3959,20,19,75.2
175.031,15.2,379,3944,3959,20,19,75.2
175.848,15.2,379,3944,3959,20,19,75.2
176.632,15.1,379,3943,3959,20,19,75.2
177.412,15.2,379,3945,3959,20,19,75.2
178.188,15.2,379,3943,3960,20,19,75.3
179.01,15.2,379,3944,3959,20,19,75.3
179.795,15.2,379,3944,3960,20,19,75.3
180.635,15.2,379,3944,3960,20,19,75.3
181.417,15.2,379,3944,3959,20,19,75.3
182.259,15.2,379,3944,3960,20,19,75.3
183.033,15.2,379,3946,3959,20,19,75.3
183.823,15.1,379,3946,3959,20,19,75.3
184.675,15.2,379,3945,3961,20,19,75.3
185.452,15.2,379,3944,3960,20,19,75.3
186.218,15.2,379,3944,3960,20,19,75.3
187.008,15.2,379,3946,3959,20,19,75.3
187.853,15.2,379,3945,3959,20,19,75.3
188.637,15.2,379,3945,3960,20,19,75.3
189.408,15.2,379,3944,3960,20,19,75.3
190.201,15.2,380,3944,3961,20,19,75.3
191.022,15.0,380,3944,3960,20,19,75.3
191.807,15.2,380,3944,3961,20,19,75.3
192.59,15.2,380,3946,3960,20,19,75.3
193.392,15.1,380,3946,3960,20,19,75.3
194.221,15.2,380,3946,3960,20,19,75.3
195.013,15.2,380,3945,3961,20,19,75.3
195.859,15.2,380,3945,3962,20,19,75.3
196.648,15.2,380,3945,3962,20,19,75.3
197.48,15.2,380,3945,3962,20,19,75.3
198.263,15.0,380,3945,3961,20,19,75.3
199.044,15.2,380,3946,3961,20,19,75.4
199.856,15.2,380,3945,3961,20,19,75.4
200.658,15.0,380,3944,3962,20,19,75.4
201.441,15.2,380,3945,3961,20,19,75.4
202.234,15.2,380,3945,3961,20,19,75.4
203.066,15.2,380,3945,3961,20,19,75.4
203.879,15.2,380,3945,3961,20,19,75.4
204.66,15.2,380,3949,3959,20,19,75.4
205.441,15.2,380,3947,3960,20,19,75.4
206.265,15.2,380,3946,3961,20,19,75.4
207.075,15.2,380,3946,3961,20,19,75.4
207.859,15.0,380,3946,3962,20,19,75.4
208.651,15.2,380,3945,3962,20,19,75.4
209.453,15.2,380,3948,3961,20,19,75.4
210.224,15.3,380,3947,3961,20,19,75.4
210.998,15.2,380,3947,3962,20,19,75.4
211.82,15.2,380,3946,3961,20,19,75.4
212.602,15.2,380,3946,3962,20,19,75.4
213.383,15.3,380,3947,3962,20,19,75.4
214.179,15.2,380,3948,3961,20,19,75.4
215.01,15.1,380,3947,3962,20,19,75.4
215.794,15.2,380,3947,3963,20,19,75.4
216.574,15.0,380,3945,3962,20,19,75.4
217.359,15.2,380,3947,3962,20,19,75.4
218.187,15.2,380,3947,3963,20,19,75.4
218.992,15.2,380,3947,3961,20,19,75.4
219.783,15.3,380,3948,3962,20,19,75.5
220.574,15.2,380,3947,3962,20,19,75.5
221.395,15.2,380,3947,3962,20,19,75.5
222.198,15.0,380,3946,3962,20,19,75.5
223.011,15.2,380,3947,3962,20,19,75.5
223.84,15.0,380,3948,3962,20,19,75.5
224.615,15.2,380,3948,3962,20,19,75.5
225.409,15.2,380,3948,3962,20,19,75.5
226.206,15.2,380,3947,3963,20,19,75.5
227.035,15.3,380,3947,3963,20,19,75.5
227.803,15.2,380,3947,3963,20,19,75.5
228.635,15.3,380,3946,3963,20,19,75.5
229.42,15.0,380,3947,3963,20,19,75.5
230.251,15.2,380,3947,3963,20,19,75.5
231.024,15.1,380,3948,3962,20,19,75.5
231.798,15.2,380,3947,3963,20,19,75.5
232.576,15.2,380,3947,3963,20,19,75.5
233.408,15.1,380,3947,3963,20,19,75.5
234.191,15.2,380,3947,3964,20,19,75.5
234.989,15.2,380,3949,3963,20,19,75.5
235.813,15.2,380,3947,3963,20,19,75.5
236.59,15.1,380,3947,3964,20,19,75.5
237.37,15.2,380,3947,3963,20,19,75.5
238.152,15.2,380,3947,3963,20,19,75.5
238.977,15.2,380,3947,3964,20,19,75.5
239.744,15.3,380,3950,3963,20,19,75.5
240.529,15.1,380,3948,3964,20,19,75.6
241.347,15.2,380,3949,3964,20,19,75.6
242.183,15.2,380,3949,3963,20,19,75.6
242.958,15.2,380,3948,3964,20,19,75.6
243.74,15.0,380,3948,3964,20,19,75.6
244.643,15.2,380,3948,3963,20,19,75.6
245.434,15.2,380,3948,3963,20,19,75.6
246.208,15.2,380,3950,3964,20,19,75.6
246.984,15.2,380,3948,3964,20,19,75.6
247.801,15.2,380,3948,3964,20,19,75.6
248.581,15.3,380,3948,3964,20,19,75.6
249.364,15.1,380,3948,3964,20,19,75.6
250.145,15.2,380,3950,3963,20,19,75.6
250.997,15.0,380,3950,3963,20,19,75.6
251.799,15.2,380,3950,3964,20,19,75.6
252.586,15.3,380,3949,3964,20,19,75.6
253.385,15.3,380,3948,3964,20,19,75.6
254.231,15.2,380,3949,3964,20,19,75.6
255.012,15.2,380,3949,3964,20,19,75.6
255.78,15.2,380,3949,3963,20,19,75.6
256.551,15.1,380,3950,3964,20,19,75.6
257.389,15.1,380,3949,3964,20,19,75.6
258.208,15.1,380,3949,3965,20,19,75.6
258.992,15.3,380,3948,3965,20,19,75.6
259.812,15.3,380,3949,3965,20,19,75.6
260.595,15.2,380,3948,3964,20,19,75.7
261.392,15.2,380,3951,3964,20,19,75.7
262.159,15.2,380,3950,3965,20,19,75.7
262.99,15.3,380,3949,3965,20,19,75.7
263.787,15.2,380,3949,3965,20,19,75.7
264.587,15.2,380,3949,3965,20,19,75.7
265.369,15.2,380,3948,3965,20,19,75.7
266.217,15.2,380,3949,3965,20,19,75.7
266.992,15.2,380,3950,3964,20,19,75.7
267.773,15.2,380,3951,3964,20,19,75.7
268.56,15.3,380,3949,3965,20,19,75.7
269.363,15.3,380,3949,3965,20,19,75.7
270.186,15.2,380,3948,3965,20,19,75.7
270.976,15.2,380,3949,3965,20,19,75.7
271.793,15.2,380,3951,3965,20,19,75.7
272.582,15.0,380,3951,3965,20,19,75.7
273.396,15.3,380,3950,3966,20,19,75.7
274.172,15.3,380,3949,3965,20,19,75.7
274.989,15.2,380,3950,3966,20,19,75.7
275.765,15.2,380,3950,3966,20,19,75.7
276.594,15.3,380,3950,3966,20,19,75.7
277.381,15.2,380,3951,3964,20,19,75.7
278.202,15.3,380,3951,3965,20,19,75.7
278.973,15.2,380,3950,3966,20,19,75.7
279.788,15.0,380,3950,3966,20,19,75.7
280.57,15.2,380,3950,3965,20,19,75.7
281.372,15.3,380,3950,3965,20,19,75.8
282.153,15.0,380,3952,3965,20,19,75.8
282.983,15.2,380,3952,3965,20,19,75.8
283.818,15.3,380,3950,3966,20,19,75.8
284.589,15.3,380,3951,3966,20,19,75.8
285.375,15.2,380,3951,3967,20,19,75.8
286.19,15.3,380,3950,3966,20,19,75.8
287.024,15.2,380,3949,3966,20,19,75.8
287.799,15.3,380,3952,3965,20,19,75.8
288.58,15.2,380,3952,3965,20,19,75.8
289.387,15.0,380,3950,3966,20,19,75.8
290.217,15.2,380,3951,3967,20,19,75.8
291.01,15.2,380,3951,3966,20,19,75.8
291.789,15.3,380,3950,3967,20,19,75.8
292.633,15.2,380,3951,3965,20,19,75.8
293.414,15.2,380,3952,3966,20,19,75.8
294.195,15.2,380,3952,3966,20,19,75.8
